{"cameraMode":{"drawMode":0,"name":"Shaded","section":"Shading Mode"},"sceneLighting":true,"audioPlay":false,"sceneViewState":{"m_AlwaysRefresh":false,"showFog":true,"showSkybox":true,"showFlares":true,"showImageEffects":true,"showParticleSystems":true,"showVisualEffectGraphs":true,"m_FxEnabled":true},"in2DMode":false,"pivot":{"x":-11.516576766967774,"y":0.8407620191574097,"z":1.7146861553192139},"rotation":{"x":0.15816304087638856,"y":-0.5766133666038513,"z":0.11499780416488648,"w":0.7933343648910523},"size":19.551156997680665,"orthographic":false}