{"cameraMode":{"drawMode":0,"name":"Shaded","section":"Shading Mode"},"sceneLighting":true,"audioPlay":false,"sceneViewState":{"m_AlwaysRefresh":false,"showFog":true,"showSkybox":true,"showFlares":true,"showImageEffects":true,"showParticleSystems":true,"showVisualEffectGraphs":true,"m_FxEnabled":true},"in2DMode":false,"pivot":{"x":-16.519472122192384,"y":-1.8806090354919434,"z":18.56850242614746},"rotation":{"x":-0.11482298374176026,"y":0.38327735662460329,"z":-0.04808994010090828,"w":-0.9152117371559143},"size":23.701034545898439,"orthographic":false}