{"cameraMode":{"drawMode":0,"name":"Shaded","section":"Shading Mode"},"sceneLighting":true,"audioPlay":false,"sceneViewState":{"m_AlwaysRefresh":false,"showFog":true,"showSkybox":true,"showFlares":true,"showImageEffects":true,"showParticleSystems":true,"showVisualEffectGraphs":true,"m_FxEnabled":true},"in2DMode":false,"pivot":{"x":1.2246841192245484,"y":-0.5663270950317383,"z":-4.327236175537109},"rotation":{"x":-0.014547760598361493,"y":-0.9264185428619385,"z":0.37465840578079226,"w":-0.0358663834631443},"size":24.75540542602539,"orthographic":false}