{"cameraMode":{"drawMode":0,"name":"Shaded","section":"Shading Mode"},"sceneLighting":true,"audioPlay":false,"sceneViewState":{"m_AlwaysRefresh":false,"showFog":true,"showSkybox":true,"showFlares":true,"showImageEffects":true,"showParticleSystems":true,"showVisualEffectGraphs":true,"m_FxEnabled":true},"in2DMode":false,"pivot":{"x":3.7711572647094728,"y":3.6446290016174318,"z":-9.539362907409668},"rotation":{"x":0.2609286308288574,"y":-0.39077258110046389,"z":0.1165696382522583,"w":0.8750580549240112},"size":19.551156997680665,"orthographic":false}